2251473,recharge_model_282,2024-11-30 23:01:57,ActName:"RechargeAccumRechargeGrand", Parameter:"{\"activityId\":282,\"id\":1}", Id:282}
3695695,recharge_model_282,2024-11-30 23:08:29,ActName:"RechargeAccumRechargeGrand", Parameter:"{\"id\":1,\"activityId\":282}", Id:282}
3695695,recharge_model_282,2024-11-30 23:08:33,ActName:"RechargeAccumRechargeGrand", Parameter:"{\"id\":1,\"activityId\":282}", Id:282}
3695695,recharge_model_282,2024-11-30 23:08:33,ActName:"RechargeAccumRechargeGrand", Parameter:"{\"id\":2,\"activityId\":282}", Id:282}
6041608,recharge_model_282,2024-11-30 23:22:24,ActName:"RechargeAccumRechargeGrand", Parameter:"{\"id\":1,\"activityId\":282}", Id:282}
6041608,recharge_model_282,2024-11-30 23:22:28,ActName:"RechargeAccumAllRechargeGrand", Parameter:"{\"activityId\":282}", Id:282}
3841478,recharge_model_282,2024-11-30 23:28:12,ActName:"RechargeAccumRechargeGrand", Parameter:"{\"id\":1,\"activityId\":282}", Id:282}
6041608,recharge_model_282,2024-11-30 23:33:17,ActName:"RechargeAccumRechargeGrand", Parameter:"{\"id\":3,\"activityId\":282}", Id:282}
3841478,recharge_model_282,2024-11-30 23:36:11,ActName:"RechargeAccumRechargeGrand", Parameter:"{\"id\":2,\"activityId\":282}", Id:282}
6041608,recharge_model_282,2024-11-30 23:48:04,ActName:"RechargeAccumRechargeGrand", Parameter:"{\"id\":4,\"activityId\":282}", Id:282}
2101293,recharge_model_282,2024-11-30 23:55:47,ActName:"RechargeAccumAllRechargeGrand", Parameter:"{\"activityId\":282}", Id:282}
2101293,recharge_model_282,2024-11-30 23:59:03,ActName:"RechargeAccumRechargeGrand", Parameter:"{\"activityId\":282,\"id\":4}", Id:282}
9913854,recharge_model_282,2024-11-30 23:59:05,ActName:"RechargeAccumRechargeGrand", Parameter:"{\"id\":1,\"activityId\":282}", Id:282}
9913854,recharge_model_282,2024-11-30 23:59:08,ActName:"RechargeAccumAllRechargeGrand", Parameter:"{\"activityId\":282}", Id:282}
2101293,recharge_model_282,2024-12-01 00:02:01,ActName:"RechargeAccumAllRechargeGrand", Parameter:"{\"activityId\":282}", Id:282}
6041608,recharge_model_282,2024-12-01 00:04:09,ActName:"RechargeAccumRechargeGrand", Parameter:"{\"activityId\":282,\"id\":5}", Id:282}
9913854,recharge_model_282,2024-12-01 00:06:55,ActName:"RechargeAccumRechargeGrand", Parameter:"{\"activityId\":282,\"id\":4}", Id:282}
6751293,recharge_model_282,2024-12-01 00:08:18,ActName:"RechargeAccumRechargeGrand", Parameter:"{\"activityId\":282,\"id\":1}", Id:282}
9913854,recharge_model_282,2024-12-01 00:08:32,ActName:"RechargeAccumRechargeGrand", Parameter:"{\"activityId\":282,\"id\":5}", Id:282}
